Galaxy,RA,Dec,ukirt_ref,vista_ref,ref_exists
MESSIER 032,10.6743,40.86528694444,True,False,True
MESSIER 101,210.80226708333,54.34895,True,False,True
NGC 5474,211.25670833333,53.66222222222,True,False,True
SDSS J140334.05+541836.9,210.89131,54.31023,True,False,True
SDSS J140339.84+541856.8,210.91558,54.31621,True,False,True
SDSS J140508.15+533917.5,211.284,53.65486,True,False,True
MESSIER 083,204.25395833333,-29.865416666669997,False,True,True
NGC 0247,11.785625,-20.76038888889,False,True,True
MESSIER 033,23.46204166667,30.66022222222,True,False,True
